"viewport","width","height","theme","state","build","chromePx","chromePercent","visibleControls","visiblePrimaryCount","clickToRevealCount","closedRevealTargetCount","inactiveTabTargetCount","detailsCount","nestedDetails","overlapCount","canvasLabelOverlapCount","clippedCount","unreachableClipCount","rollBottomGapPx","screenshot"
"1920x1080","1920","1080","light","edit-default","20261003.77","125","11.6","42","20","23","10","13","13","0","0","0","0","0","2","docs/ui-audit/round2/pr11-after/1920x1080-light-edit-default.png"
"1920x1080","1920","1080","light","edit-guitar","20261003.77","125","11.6","45","33","10","10","0","13","0","0","0","1","0","2",""
"1920x1080","1920","1080","light","edit-chord-panel","20261003.77","125","11.6","44","20","23","10","13","13","0","0","0","0","0","2",""
"1920x1080","1920","1080","light","edit-generate-candidates","20261003.77","125","11.6","52","30","13","0","13","19","0","0","0","0","0","2","docs/ui-audit/round2/pr11-after/1920x1080-light-edit-generate-candidates.png"
"1920x1080","1920","1080","light","edit-mixer-panel","20261003.77","125","11.6","42","20","23","10","13","13","0","0","0","0","0","2","docs/ui-audit/round2/pr11-after/1920x1080-light-edit-mixer-panel.png"
"1920x1080","1920","1080","light","not-score","20261003.77","122.4","11.3","37","15","28","15","13","13","0","0","0","0","0","",""
"1920x1080","1920","1080","light","not-lyrics","20261003.77","167.2","15.5","38","15","28","15","13","13","0","0","0","0","0","",""
"1920x1080","1920","1080","light","irama","20261003.77","144.8","13.4","136","15","28","15","13","13","0","0","0","0","0","",""
"1920x1080","1920","1080","light","project-menu-open","20261003.77","125","11.6","46","20","23","10","13","13","0","0","0","0","0","2",""
"1920x1080","1920","1080","light","more-open","20261003.77","125","11.6","42","20","23","10","13","13","0","0","0","0","0","2",""
"1920x1080","1920","1080","dark","edit-default","20261003.77","125","11.6","42","20","23","10","13","13","0","0","0","0","0","2","docs/ui-audit/round2/pr11-after/1920x1080-dark-edit-default.png"
"1920x1080","1920","1080","dark","edit-guitar","20261003.77","125","11.6","45","33","10","10","0","13","0","0","0","1","0","2",""
"1920x1080","1920","1080","dark","edit-chord-panel","20261003.77","125","11.6","44","20","23","10","13","13","0","0","0","0","0","2",""
"1920x1080","1920","1080","dark","edit-generate-candidates","20261003.77","125","11.6","52","30","13","0","13","19","0","0","0","0","0","2","docs/ui-audit/round2/pr11-after/1920x1080-dark-edit-generate-candidates.png"
"1920x1080","1920","1080","dark","edit-mixer-panel","20261003.77","125","11.6","42","20","23","10","13","13","0","0","0","0","0","2","docs/ui-audit/round2/pr11-after/1920x1080-dark-edit-mixer-panel.png"
"1920x1080","1920","1080","dark","not-score","20261003.77","122.4","11.3","37","15","28","15","13","13","0","0","0","0","0","",""
"1920x1080","1920","1080","dark","not-lyrics","20261003.77","167.2","15.5","38","15","28","15","13","13","0","0","0","0","0","",""
"1920x1080","1920","1080","dark","irama","20261003.77","144.8","13.4","136","15","28","15","13","13","0","0","0","0","0","",""
"1920x1080","1920","1080","dark","project-menu-open","20261003.77","125","11.6","46","20","23","10","13","13","0","0","0","0","0","2",""
"1920x1080","1920","1080","dark","more-open","20261003.77","125","11.6","42","20","23","10","13","13","0","0","0","0","0","2",""
"1440x900","1440","900","light","edit-default","20261003.77","119","13.2","42","20","23","10","13","13","0","0","0","0","0","2","docs/ui-audit/round2/pr11-after/1440x900-light-edit-default.png"
"1440x900","1440","900","light","edit-guitar","20261003.77","119","13.2","42","33","10","10","0","13","0","0","0","0","0","2",""
"1440x900","1440","900","light","edit-chord-panel","20261003.77","119","13.2","44","20","23","10","13","13","0","0","0","0","0","2",""
"1440x900","1440","900","light","edit-generate-candidates","20261003.77","125","13.9","47","30","13","0","13","19","0","0","0","0","0","2","docs/ui-audit/round2/pr11-after/1440x900-light-edit-generate-candidates.png"
"1440x900","1440","900","light","edit-mixer-panel","20261003.77","119","13.2","42","20","23","10","13","13","0","0","0","0","0","2","docs/ui-audit/round2/pr11-after/1440x900-light-edit-mixer-panel.png"
"1440x900","1440","900","light","not-score","20261003.77","122.4","13.6","37","15","28","15","13","13","0","0","0","0","0","",""
"1440x900","1440","900","light","not-lyrics","20261003.77","167.2","18.6","38","15","28","15","13","13","0","0","0","0","0","",""
"1440x900","1440","900","light","irama","20261003.77","144.8","16.1","136","15","28","15","13","13","0","0","0","0","0","",""
"1440x900","1440","900","light","project-menu-open","20261003.77","119","13.2","46","20","23","10","13","13","0","0","0","0","0","2",""
"1440x900","1440","900","light","more-open","20261003.77","119","13.2","42","20","23","10","13","13","0","0","0","0","0","2",""
"1440x900","1440","900","dark","edit-default","20261003.77","119","13.2","42","20","23","10","13","13","0","0","0","0","0","2","docs/ui-audit/round2/pr11-after/1440x900-dark-edit-default.png"
"1440x900","1440","900","dark","edit-guitar","20261003.77","119","13.2","42","33","10","10","0","13","0","0","0","0","0","2",""
"1440x900","1440","900","dark","edit-chord-panel","20261003.77","119","13.2","44","20","23","10","13","13","0","0","0","0","0","2",""
"1440x900","1440","900","dark","edit-generate-candidates","20261003.77","125","13.9","47","30","13","0","13","19","0","0","0","0","0","2","docs/ui-audit/round2/pr11-after/1440x900-dark-edit-generate-candidates.png"
"1440x900","1440","900","dark","edit-mixer-panel","20261003.77","119","13.2","42","20","23","10","13","13","0","0","0","0","0","2","docs/ui-audit/round2/pr11-after/1440x900-dark-edit-mixer-panel.png"
"1440x900","1440","900","dark","not-score","20261003.77","122.4","13.6","37","15","28","15","13","13","0","0","0","0","0","",""
"1440x900","1440","900","dark","not-lyrics","20261003.77","167.2","18.6","38","15","28","15","13","13","0","0","0","0","0","",""
"1440x900","1440","900","dark","irama","20261003.77","144.8","16.1","136","15","28","15","13","13","0","0","0","0","0","",""
"1440x900","1440","900","dark","project-menu-open","20261003.77","119","13.2","46","20","23","10","13","13","0","0","0","0","0","2",""
"1440x900","1440","900","dark","more-open","20261003.77","119","13.2","42","20","23","10","13","13","0","0","0","0","0","2",""
"1024x768","1024","768","light","edit-default","20261003.77","143","18.6","33","11","32","19","13","13","0","0","0","2","0","0","docs/ui-audit/round2/pr11-after/1024x768-light-edit-default.png"
"1024x768","1024","768","light","edit-guitar","20261003.77","143","18.6","32","24","19","19","0","13","0","0","0","2","0","0",""
"1024x768","1024","768","light","edit-chord-panel","20261003.77","143","18.6","33","11","32","19","13","13","0","0","0","2","0","0",""
"1024x768","1024","768","light","edit-generate-candidates","20261003.77","143","18.6","35","11","32","19","13","19","0","0","0","2","0","0","docs/ui-audit/round2/pr11-after/1024x768-light-edit-generate-candidates.png"
"1024x768","1024","768","light","edit-mixer-panel","20261003.77","143","18.6","33","11","32","19","13","13","0","0","0","2","0","0","docs/ui-audit/round2/pr11-after/1024x768-light-edit-mixer-panel.png"
"1024x768","1024","768","light","not-score","20261003.77","126.4","16.5","30","8","35","22","13","13","0","0","0","0","0","",""
"1024x768","1024","768","light","not-lyrics","20261003.77","169.2","22","31","8","35","22","13","13","0","0","0","0","0","",""
"1024x768","1024","768","light","irama","20261003.77","183.2","23.9","129","8","35","22","13","13","0","0","0","0","0","",""
"1024x768","1024","768","light","project-menu-open","20261003.77","143","18.6","43","18","25","12","13","13","0","0","0","2","0","0",""
"1024x768","1024","768","light","more-open","20261003.77","143","18.6","34","11","32","19","13","13","0","0","0","2","0","0",""
"1024x768","1024","768","dark","edit-default","20261003.77","143","18.6","33","11","32","19","13","13","0","0","0","2","0","0","docs/ui-audit/round2/pr11-after/1024x768-dark-edit-default.png"
"1024x768","1024","768","dark","edit-guitar","20261003.77","143","18.6","32","24","19","19","0","13","0","0","0","2","0","0",""
"1024x768","1024","768","dark","edit-chord-panel","20261003.77","143","18.6","33","11","32","19","13","13","0","0","0","2","0","0",""
"1024x768","1024","768","dark","edit-generate-candidates","20261003.77","143","18.6","35","11","32","19","13","19","0","0","0","2","0","0","docs/ui-audit/round2/pr11-after/1024x768-dark-edit-generate-candidates.png"
"1024x768","1024","768","dark","edit-mixer-panel","20261003.77","143","18.6","33","11","32","19","13","13","0","0","0","2","0","0","docs/ui-audit/round2/pr11-after/1024x768-dark-edit-mixer-panel.png"
"1024x768","1024","768","dark","not-score","20261003.77","126.4","16.5","30","8","35","22","13","13","0","0","0","0","0","",""
"1024x768","1024","768","dark","not-lyrics","20261003.77","169.2","22","31","8","35","22","13","13","0","0","0","0","0","",""
"1024x768","1024","768","dark","irama","20261003.77","183.2","23.9","129","8","35","22","13","13","0","0","0","0","0","",""
"1024x768","1024","768","dark","project-menu-open","20261003.77","143","18.6","43","18","25","12","13","13","0","0","0","2","0","0",""
"1024x768","1024","768","dark","more-open","20261003.77","143","18.6","34","11","32","19","13","13","0","0","0","2","0","0",""
"390x844","390","844","light","edit-default","20261003.77","179","21.2","19","5","37","37","0","13","0","0","0","2","0","1","docs/ui-audit/round2/pr11-after/390x844-light-edit-default.png"
"390x844","390","844","light","edit-guitar","20261003.77","179","21.2","26","23","19","19","0","13","0","0","0","2","0","1",""
"390x844","390","844","light","edit-chord-panel","20261003.77","179","21.2","33","10","33","19","14","13","0","0","0","3","0","1",""
"390x844","390","844","light","edit-generate-candidates","20261003.77","179","21.2","29","10","33","19","14","19","0","0","0","3","0","1","docs/ui-audit/round2/pr11-after/390x844-light-edit-generate-candidates.png"
"390x844","390","844","light","edit-mixer-panel","20261003.77","179","21.2","30","10","33","19","14","13","0","0","0","3","0","1","docs/ui-audit/round2/pr11-after/390x844-light-edit-mixer-panel.png"
"390x844","390","844","light","not-score","20261003.77","185.2","21.9","15","2","40","40","0","13","0","0","0","0","0","",""
"390x844","390","844","light","not-lyrics","20261003.77","192","22.7","17","2","40","40","0","13","0","0","0","0","0","",""
"390x844","390","844","light","irama","20261003.77","188.7","22.4","79","2","40","40","0","13","0","0","0","10","0","",""
"390x844","390","844","light","project-menu-open","20261003.77","179","21.2","31","12","30","30","0","13","0","0","0","2","0","1",""
"390x844","390","844","light","more-open","20261003.77","179","21.2","22","7","35","35","0","13","0","0","0","2","0","1",""
"390x844","390","844","dark","edit-default","20261003.77","179","21.2","19","5","37","37","0","13","0","0","0","2","0","1","docs/ui-audit/round2/pr11-after/390x844-dark-edit-default.png"
"390x844","390","844","dark","edit-guitar","20261003.77","179","21.2","26","23","19","19","0","13","0","0","0","2","0","1",""
"390x844","390","844","dark","edit-chord-panel","20261003.77","179","21.2","33","10","33","19","14","13","0","0","0","3","0","1",""
"390x844","390","844","dark","edit-generate-candidates","20261003.77","179","21.2","29","10","33","19","14","19","0","0","0","3","0","1","docs/ui-audit/round2/pr11-after/390x844-dark-edit-generate-candidates.png"
"390x844","390","844","dark","edit-mixer-panel","20261003.77","179","21.2","30","10","33","19","14","13","0","0","0","3","0","1","docs/ui-audit/round2/pr11-after/390x844-dark-edit-mixer-panel.png"
"390x844","390","844","dark","not-score","20261003.77","185.2","21.9","15","2","40","40","0","13","0","0","0","0","0","",""
"390x844","390","844","dark","not-lyrics","20261003.77","192","22.7","17","2","40","40","0","13","0","0","0","0","0","",""
"390x844","390","844","dark","irama","20261003.77","188.7","22.4","79","2","40","40","0","13","0","0","0","10","0","",""
"390x844","390","844","dark","project-menu-open","20261003.77","179","21.2","31","12","30","30","0","13","0","0","0","2","0","1",""
"390x844","390","844","dark","more-open","20261003.77","179","21.2","22","7","35","35","0","13","0","0","0","2","0","1",""
"844x390","844","390","light","edit-default","20261003.77","97","24.9","16","5","37","37","0","13","0","0","0","0","0","1","docs/ui-audit/round2/pr11-after/844x390-light-edit-default.png"
"844x390","844","390","light","edit-guitar","20261003.77","97","24.9","22","23","19","19","0","13","0","0","0","0","0","1",""
"844x390","844","390","light","edit-chord-panel","20261003.77","97","24.9","29","10","33","19","14","13","0","0","0","1","0","1",""
"844x390","844","390","light","edit-generate-candidates","20261003.77","97","24.9","24","10","33","19","14","19","0","0","0","1","0","1","docs/ui-audit/round2/pr11-after/844x390-light-edit-generate-candidates.png"
"844x390","844","390","light","edit-mixer-panel","20261003.77","97","24.9","25","10","33","19","14","13","0","0","0","1","0","1","docs/ui-audit/round2/pr11-after/844x390-light-edit-mixer-panel.png"
"844x390","844","390","light","not-score","20261003.77","88","22.6","16","3","39","39","0","13","0","0","0","0","0","",""
"844x390","844","390","light","not-lyrics","20261003.77","88","22.6","16","3","39","39","0","13","0","0","0","0","0","",""
"844x390","844","390","light","irama","20261003.77","88","22.6","83","3","39","39","0","13","0","0","0","11","0","",""
"844x390","844","390","light","project-menu-open","20261003.77","97","24.9","24","12","30","30","0","13","0","0","0","1","0","1",""
"844x390","844","390","light","more-open","20261003.77","97","24.9","19","7","35","35","0","13","0","0","0","0","0","1",""
"844x390","844","390","dark","edit-default","20261003.77","97","24.9","16","5","37","37","0","13","0","0","0","0","0","1","docs/ui-audit/round2/pr11-after/844x390-dark-edit-default.png"
"844x390","844","390","dark","edit-guitar","20261003.77","97","24.9","22","23","19","19","0","13","0","0","0","0","0","1",""
"844x390","844","390","dark","edit-chord-panel","20261003.77","97","24.9","29","10","33","19","14","13","0","0","0","1","0","1",""
"844x390","844","390","dark","edit-generate-candidates","20261003.77","97","24.9","24","10","33","19","14","19","0","0","0","1","0","1","docs/ui-audit/round2/pr11-after/844x390-dark-edit-generate-candidates.png"
"844x390","844","390","dark","edit-mixer-panel","20261003.77","97","24.9","25","10","33","19","14","13","0","0","0","1","0","1","docs/ui-audit/round2/pr11-after/844x390-dark-edit-mixer-panel.png"
"844x390","844","390","dark","not-score","20261003.77","88","22.6","16","3","39","39","0","13","0","0","0","0","0","",""
"844x390","844","390","dark","not-lyrics","20261003.77","88","22.6","16","3","39","39","0","13","0","0","0","0","0","",""
"844x390","844","390","dark","irama","20261003.77","88","22.6","83","3","39","39","0","13","0","0","0","11","0","",""
"844x390","844","390","dark","project-menu-open","20261003.77","97","24.9","24","12","30","30","0","13","0","0","0","1","0","1",""
"844x390","844","390","dark","more-open","20261003.77","97","24.9","19","7","35","35","0","13","0","0","0","0","0","1",""
