"viewport","width","height","theme","state","build","chromePx","chromePercent","chromeBudgetPercent","visibleControls","visiblePrimaryCount","clickToRevealCount","closedRevealTargetCount","inactiveTabTargetCount","detailsCount","nestedDetails","overlapCount","canvasLabelOverlapCount","clippedCount","unreachableClipCount","guitarPayloadVisible","selectedDrumHits","drumExpressionControlsVisible","drumExpressionHitMatch","dualDockBodiesVisible","dualDockPanelVisible","drumGridFourthBarFull","rollBottomGapPx","screenshot"
"1920x1080","1920","1080","light","edit-default","20261003.79","114","10.555555555555555","14","75","35","8","1","7","13","0","0","0","0","0","false","0","0","false","true","","false","222","docs/ui-audit/round2/pr13-16-final-v79/1920x1080-light-edit-default.png"
"1920x1080","1920","1080","light","edit-guitar","20261003.79","114","10.555555555555555","14","82","35","8","1","7","13","0","0","0","0","0","true","0","0","false","true","","false","276","docs/ui-audit/round2/pr13-16-final-v79/1920x1080-light-edit-guitar.png"
"1920x1080","1920","1080","light","edit-chord-panel","20261003.79","114","10.555555555555555","14","71","25","18","11","7","13","0","0","0","0","0","false","0","0","false","true","","false","222","docs/ui-audit/round2/pr13-16-final-v79/1920x1080-light-edit-chord-panel.png"
"1920x1080","1920","1080","light","edit-generate-candidates","20261003.79","114","10.555555555555555","14","83","35","8","1","7","19","0","0","0","0","0","false","0","0","false","true","","false","222","docs/ui-audit/round2/pr13-16-final-v79/1920x1080-light-edit-generate-candidates.png"
"1920x1080","1920","1080","light","edit-mixer-panel","20261003.79","114","10.555555555555555","14","70","25","18","11","7","13","0","0","0","1","0","false","0","0","false","true","","false","222","docs/ui-audit/round2/pr13-16-final-v79/1920x1080-light-edit-mixer-panel.png"
"1920x1080","1920","1080","light","not-score","20261003.79","126","11.666666666666666","14","71","33","10","3","7","13","0","0","0","1","0","false","0","0","false","true","","false","","docs/ui-audit/round2/pr13-16-final-v79/1920x1080-light-not-score.png"
"1920x1080","1920","1080","light","not-lyrics","20261003.79","126","11.666666666666666","14","72","33","10","3","7","13","0","0","0","1","0","false","0","0","false","true","","false","","docs/ui-audit/round2/pr13-16-final-v79/1920x1080-light-not-lyrics.png"
"1920x1080","1920","1080","light","irama","20261003.79","126","11.666666666666666","14","375","32","10","3","7","13","0","0","0","0","0","false","0","0","false","false","","true","","docs/ui-audit/round2/pr13-16-final-v79/1920x1080-light-irama.png"
"1920x1080","1920","1080","light","project-menu-open","20261003.79","114","10.555555555555555","14","75","35","8","1","7","13","0","0","0","0","0","false","0","0","false","true","","false","222","docs/ui-audit/round2/pr13-16-final-v79/1920x1080-light-project-menu-open.png"
"1920x1080","1920","1080","light","more-open","20261003.79","114","10.555555555555555","14","75","35","8","1","7","13","0","0","0","0","0","false","0","0","false","true","","false","222","docs/ui-audit/round2/pr13-16-final-v79/1920x1080-light-more-open.png"
"1920x1080","1920","1080","light","edit-guitar-zone-open","20261003.79","114","10.555555555555555","14","82","35","8","1","7","13","0","0","0","0","0","true","0","0","false","true","","false","276","docs/ui-audit/round2/pr13-16-final-v79/1920x1080-light-edit-guitar-zone-open.png"
"1920x1080","1920","1080","light","edit-guitar-fretboard","20261003.79","114","10.555555555555555","14","82","35","8","1","7","13","0","0","0","0","0","true","0","0","false","true","","false","276","docs/ui-audit/round2/pr13-16-final-v79/1920x1080-light-edit-guitar-fretboard.png"
"1920x1080","1920","1080","light","not-guitar-zone-open","20261003.79","126","11.666666666666666","14","72","33","10","3","7","13","0","0","0","1","0","true","0","0","false","true","","false","","docs/ui-audit/round2/pr13-16-final-v79/1920x1080-light-not-guitar-zone-open.png"
"1920x1080","1920","1080","light","irama-drum-expression","20261003.79","126","11.666666666666666","14","379","22","20","13","7","13","0","0","0","0","0","false","1","3","true","true","","true","","docs/ui-audit/round2/pr13-16-final-v79/1920x1080-light-irama-drum-expression.png"
"1920x1080","1920","1080","light","dual-dock","20261003.79","114","10.555555555555555","14","75","35","8","1","7","13","0","0","0","0","0","false","0","0","false","true","true","false","222","docs/ui-audit/round2/pr13-16-final-v79/1920x1080-light-dual-dock.png"
"1920x1080","1920","1080","light","dual-dock-not","20261003.79","126","11.666666666666666","14","71","33","10","3","7","13","0","0","0","1","0","false","0","0","false","true","true","false","","docs/ui-audit/round2/pr13-16-final-v79/1920x1080-light-dual-dock-not.png"
"1920x1080","1920","1080","light","dual-dock-irama","20261003.79","126","11.666666666666666","14","379","22","20","13","7","13","0","0","0","0","0","false","1","3","true","true","true","true","","docs/ui-audit/round2/pr13-16-final-v79/1920x1080-light-dual-dock-irama.png"
"1920x1080","1920","1080","dark","edit-default","20261003.79","114","10.555555555555555","14","75","35","8","1","7","13","0","0","0","0","0","false","0","0","false","true","","false","222","docs/ui-audit/round2/pr13-16-final-v79/1920x1080-dark-edit-default.png"
"1920x1080","1920","1080","dark","edit-guitar","20261003.79","114","10.555555555555555","14","82","35","8","1","7","13","0","0","0","0","0","true","0","0","false","true","","false","276","docs/ui-audit/round2/pr13-16-final-v79/1920x1080-dark-edit-guitar.png"
"1920x1080","1920","1080","dark","edit-chord-panel","20261003.79","114","10.555555555555555","14","71","25","18","11","7","13","0","0","0","0","0","false","0","0","false","true","","false","222","docs/ui-audit/round2/pr13-16-final-v79/1920x1080-dark-edit-chord-panel.png"
"1920x1080","1920","1080","dark","edit-generate-candidates","20261003.79","114","10.555555555555555","14","83","35","8","1","7","19","0","0","0","0","0","false","0","0","false","true","","false","222","docs/ui-audit/round2/pr13-16-final-v79/1920x1080-dark-edit-generate-candidates.png"
"1920x1080","1920","1080","dark","edit-mixer-panel","20261003.79","114","10.555555555555555","14","70","25","18","11","7","13","0","0","0","1","0","false","0","0","false","true","","false","222","docs/ui-audit/round2/pr13-16-final-v79/1920x1080-dark-edit-mixer-panel.png"
"1920x1080","1920","1080","dark","not-score","20261003.79","126","11.666666666666666","14","71","33","10","3","7","13","0","0","0","1","0","false","0","0","false","true","","false","","docs/ui-audit/round2/pr13-16-final-v79/1920x1080-dark-not-score.png"
"1920x1080","1920","1080","dark","not-lyrics","20261003.79","126","11.666666666666666","14","72","33","10","3","7","13","0","0","0","1","0","false","0","0","false","true","","false","","docs/ui-audit/round2/pr13-16-final-v79/1920x1080-dark-not-lyrics.png"
"1920x1080","1920","1080","dark","irama","20261003.79","126","11.666666666666666","14","375","32","10","3","7","13","0","0","0","0","0","false","0","0","false","false","","true","","docs/ui-audit/round2/pr13-16-final-v79/1920x1080-dark-irama.png"
"1920x1080","1920","1080","dark","project-menu-open","20261003.79","114","10.555555555555555","14","75","35","8","1","7","13","0","0","0","0","0","false","0","0","false","true","","false","222","docs/ui-audit/round2/pr13-16-final-v79/1920x1080-dark-project-menu-open.png"
"1920x1080","1920","1080","dark","more-open","20261003.79","114","10.555555555555555","14","75","35","8","1","7","13","0","0","0","0","0","false","0","0","false","true","","false","222","docs/ui-audit/round2/pr13-16-final-v79/1920x1080-dark-more-open.png"
"1920x1080","1920","1080","dark","edit-guitar-zone-open","20261003.79","114","10.555555555555555","14","82","35","8","1","7","13","0","0","0","0","0","true","0","0","false","true","","false","276","docs/ui-audit/round2/pr13-16-final-v79/1920x1080-dark-edit-guitar-zone-open.png"
"1920x1080","1920","1080","dark","edit-guitar-fretboard","20261003.79","114","10.555555555555555","14","82","35","8","1","7","13","0","0","0","0","0","true","0","0","false","true","","false","276","docs/ui-audit/round2/pr13-16-final-v79/1920x1080-dark-edit-guitar-fretboard.png"
"1920x1080","1920","1080","dark","not-guitar-zone-open","20261003.79","126","11.666666666666666","14","72","33","10","3","7","13","0","0","0","1","0","true","0","0","false","true","","false","","docs/ui-audit/round2/pr13-16-final-v79/1920x1080-dark-not-guitar-zone-open.png"
"1920x1080","1920","1080","dark","irama-drum-expression","20261003.79","126","11.666666666666666","14","379","22","20","13","7","13","0","0","0","0","0","false","1","3","true","true","","true","","docs/ui-audit/round2/pr13-16-final-v79/1920x1080-dark-irama-drum-expression.png"
"1920x1080","1920","1080","dark","dual-dock","20261003.79","114","10.555555555555555","14","75","35","8","1","7","13","0","0","0","0","0","false","0","0","false","true","true","false","222","docs/ui-audit/round2/pr13-16-final-v79/1920x1080-dark-dual-dock.png"
"1920x1080","1920","1080","dark","dual-dock-not","20261003.79","126","11.666666666666666","14","71","33","10","3","7","13","0","0","0","1","0","false","0","0","false","true","true","false","","docs/ui-audit/round2/pr13-16-final-v79/1920x1080-dark-dual-dock-not.png"
"1920x1080","1920","1080","dark","dual-dock-irama","20261003.79","126","11.666666666666666","14","379","22","20","13","7","13","0","0","0","0","0","false","1","3","true","true","true","true","","docs/ui-audit/round2/pr13-16-final-v79/1920x1080-dark-dual-dock-irama.png"
"1440x900","1440","900","light","edit-default","20261003.79","114","12.666666666666668","14","72","35","8","1","7","13","0","0","0","2","0","false","0","0","false","true","","false","222","docs/ui-audit/round2/pr13-16-final-v79/1440x900-light-edit-default.png"
"1440x900","1440","900","light","edit-guitar","20261003.79","114","12.666666666666668","14","79","35","8","1","7","13","0","0","0","2","0","true","0","0","false","true","","false","276","docs/ui-audit/round2/pr13-16-final-v79/1440x900-light-edit-guitar.png"
"1440x900","1440","900","light","edit-chord-panel","20261003.79","114","12.666666666666668","14","70","25","18","11","7","13","0","0","0","0","0","false","0","0","false","true","","false","222","docs/ui-audit/round2/pr13-16-final-v79/1440x900-light-edit-chord-panel.png"
"1440x900","1440","900","light","edit-generate-candidates","20261003.79","114","12.666666666666668","14","77","35","8","1","7","19","0","0","0","1","0","false","0","0","false","true","","false","222","docs/ui-audit/round2/pr13-16-final-v79/1440x900-light-edit-generate-candidates.png"
"1440x900","1440","900","light","edit-mixer-panel","20261003.79","114","12.666666666666668","14","67","25","18","11","7","13","0","0","0","0","0","false","0","0","false","true","","false","222","docs/ui-audit/round2/pr13-16-final-v79/1440x900-light-edit-mixer-panel.png"
"1440x900","1440","900","light","not-score","20261003.79","126","14.000000000000002","14","66","33","10","3","7","13","0","0","0","2","0","false","0","0","false","true","","false","","docs/ui-audit/round2/pr13-16-final-v79/1440x900-light-not-score.png"
"1440x900","1440","900","light","not-lyrics","20261003.79","126","14.000000000000002","14","67","33","10","3","7","13","0","0","0","2","0","false","0","0","false","true","","false","","docs/ui-audit/round2/pr13-16-final-v79/1440x900-light-not-lyrics.png"
"1440x900","1440","900","light","irama","20261003.79","126","14.000000000000002","14","373","32","10","3","7","13","0","0","0","2","0","false","0","0","false","false","","true","","docs/ui-audit/round2/pr13-16-final-v79/1440x900-light-irama.png"
"1440x900","1440","900","light","project-menu-open","20261003.79","114","12.666666666666668","14","72","35","8","1","7","13","0","0","0","2","0","false","0","0","false","true","","false","222","docs/ui-audit/round2/pr13-16-final-v79/1440x900-light-project-menu-open.png"
"1440x900","1440","900","light","more-open","20261003.79","114","12.666666666666668","14","72","35","8","1","7","13","0","0","0","2","0","false","0","0","false","true","","false","222","docs/ui-audit/round2/pr13-16-final-v79/1440x900-light-more-open.png"
"1440x900","1440","900","light","edit-guitar-zone-open","20261003.79","114","12.666666666666668","14","79","35","8","1","7","13","0","0","0","2","0","true","0","0","false","true","","false","276","docs/ui-audit/round2/pr13-16-final-v79/1440x900-light-edit-guitar-zone-open.png"
"1440x900","1440","900","light","edit-guitar-fretboard","20261003.79","114","12.666666666666668","14","79","35","8","1","7","13","0","0","0","2","0","true","0","0","false","true","","false","276","docs/ui-audit/round2/pr13-16-final-v79/1440x900-light-edit-guitar-fretboard.png"
"1440x900","1440","900","light","not-guitar-zone-open","20261003.79","126","14.000000000000002","14","67","33","10","3","7","13","0","0","0","2","0","true","0","0","false","true","","false","","docs/ui-audit/round2/pr13-16-final-v79/1440x900-light-not-guitar-zone-open.png"
"1440x900","1440","900","light","irama-drum-expression","20261003.79","126","14.000000000000002","14","379","22","20","13","7","13","0","0","0","0","0","false","1","3","true","true","","true","","docs/ui-audit/round2/pr13-16-final-v79/1440x900-light-irama-drum-expression.png"
"1440x900","1440","900","light","dual-dock","20261003.79","114","12.666666666666668","14","72","35","8","1","7","13","0","0","0","2","0","false","0","0","false","true","true","false","222","docs/ui-audit/round2/pr13-16-final-v79/1440x900-light-dual-dock.png"
"1440x900","1440","900","light","dual-dock-not","20261003.79","126","14.000000000000002","14","66","33","10","3","7","13","0","0","0","2","0","false","0","0","false","true","true","false","","docs/ui-audit/round2/pr13-16-final-v79/1440x900-light-dual-dock-not.png"
"1440x900","1440","900","light","dual-dock-irama","20261003.79","126","14.000000000000002","14","379","22","20","13","7","13","0","0","0","0","0","false","1","3","true","true","true","true","","docs/ui-audit/round2/pr13-16-final-v79/1440x900-light-dual-dock-irama.png"
"1440x900","1440","900","dark","edit-default","20261003.79","114","12.666666666666668","14","72","35","8","1","7","13","0","0","0","2","0","false","0","0","false","true","","false","222","docs/ui-audit/round2/pr13-16-final-v79/1440x900-dark-edit-default.png"
"1440x900","1440","900","dark","edit-guitar","20261003.79","114","12.666666666666668","14","79","35","8","1","7","13","0","0","0","2","0","true","0","0","false","true","","false","276","docs/ui-audit/round2/pr13-16-final-v79/1440x900-dark-edit-guitar.png"
"1440x900","1440","900","dark","edit-chord-panel","20261003.79","114","12.666666666666668","14","70","25","18","11","7","13","0","0","0","0","0","false","0","0","false","true","","false","222","docs/ui-audit/round2/pr13-16-final-v79/1440x900-dark-edit-chord-panel.png"
"1440x900","1440","900","dark","edit-generate-candidates","20261003.79","114","12.666666666666668","14","77","35","8","1","7","19","0","0","0","1","0","false","0","0","false","true","","false","222","docs/ui-audit/round2/pr13-16-final-v79/1440x900-dark-edit-generate-candidates.png"
"1440x900","1440","900","dark","edit-mixer-panel","20261003.79","114","12.666666666666668","14","67","25","18","11","7","13","0","0","0","0","0","false","0","0","false","true","","false","222","docs/ui-audit/round2/pr13-16-final-v79/1440x900-dark-edit-mixer-panel.png"
"1440x900","1440","900","dark","not-score","20261003.79","126","14.000000000000002","14","66","33","10","3","7","13","0","0","0","2","0","false","0","0","false","true","","false","","docs/ui-audit/round2/pr13-16-final-v79/1440x900-dark-not-score.png"
"1440x900","1440","900","dark","not-lyrics","20261003.79","126","14.000000000000002","14","67","33","10","3","7","13","0","0","0","2","0","false","0","0","false","true","","false","","docs/ui-audit/round2/pr13-16-final-v79/1440x900-dark-not-lyrics.png"
"1440x900","1440","900","dark","irama","20261003.79","126","14.000000000000002","14","373","32","10","3","7","13","0","0","0","2","0","false","0","0","false","false","","true","","docs/ui-audit/round2/pr13-16-final-v79/1440x900-dark-irama.png"
"1440x900","1440","900","dark","project-menu-open","20261003.79","114","12.666666666666668","14","72","35","8","1","7","13","0","0","0","2","0","false","0","0","false","true","","false","222","docs/ui-audit/round2/pr13-16-final-v79/1440x900-dark-project-menu-open.png"
"1440x900","1440","900","dark","more-open","20261003.79","114","12.666666666666668","14","72","35","8","1","7","13","0","0","0","2","0","false","0","0","false","true","","false","222","docs/ui-audit/round2/pr13-16-final-v79/1440x900-dark-more-open.png"
"1440x900","1440","900","dark","edit-guitar-zone-open","20261003.79","114","12.666666666666668","14","79","35","8","1","7","13","0","0","0","2","0","true","0","0","false","true","","false","276","docs/ui-audit/round2/pr13-16-final-v79/1440x900-dark-edit-guitar-zone-open.png"
"1440x900","1440","900","dark","edit-guitar-fretboard","20261003.79","114","12.666666666666668","14","79","35","8","1","7","13","0","0","0","2","0","true","0","0","false","true","","false","276","docs/ui-audit/round2/pr13-16-final-v79/1440x900-dark-edit-guitar-fretboard.png"
"1440x900","1440","900","dark","not-guitar-zone-open","20261003.79","126","14.000000000000002","14","67","33","10","3","7","13","0","0","0","2","0","true","0","0","false","true","","false","","docs/ui-audit/round2/pr13-16-final-v79/1440x900-dark-not-guitar-zone-open.png"
"1440x900","1440","900","dark","irama-drum-expression","20261003.79","126","14.000000000000002","14","379","22","20","13","7","13","0","0","0","0","0","false","1","3","true","true","","true","","docs/ui-audit/round2/pr13-16-final-v79/1440x900-dark-irama-drum-expression.png"
"1440x900","1440","900","dark","dual-dock","20261003.79","114","12.666666666666668","14","72","35","8","1","7","13","0","0","0","2","0","false","0","0","false","true","true","false","222","docs/ui-audit/round2/pr13-16-final-v79/1440x900-dark-dual-dock.png"
"1440x900","1440","900","dark","dual-dock-not","20261003.79","126","14.000000000000002","14","66","33","10","3","7","13","0","0","0","2","0","false","0","0","false","true","true","false","","docs/ui-audit/round2/pr13-16-final-v79/1440x900-dark-dual-dock-not.png"
"1440x900","1440","900","dark","dual-dock-irama","20261003.79","126","14.000000000000002","14","379","22","20","13","7","13","0","0","0","0","0","false","1","3","true","true","true","true","","docs/ui-audit/round2/pr13-16-final-v79/1440x900-dark-dual-dock-irama.png"
"1280x900","1280","900","light","edit-default","20261003.79","114","12.666666666666668","14","60","26","17","10","7","13","0","0","0","3","0","false","0","0","false","false","","false","69.4","docs/ui-audit/round2/pr13-16-final-v79/1280x900-light-edit-default.png"
"1280x900","1280","900","light","edit-chord-panel","20261003.79","114","12.666666666666668","14","60","26","17","10","7","13","0","0","0","3","0","false","0","0","false","false","","false","69.4","docs/ui-audit/round2/pr13-16-final-v79/1280x900-light-edit-chord-panel.png"
"1280x900","1280","900","light","edit-generate-candidates","20261003.79","114","12.666666666666668","14","60","36","7","0","7","19","0","0","0","4","0","false","0","0","false","false","","false","69.4","docs/ui-audit/round2/pr13-16-final-v79/1280x900-light-edit-generate-candidates.png"
"1280x900","1280","900","light","edit-mixer-panel","20261003.79","114","12.666666666666668","14","59","26","17","10","7","13","0","0","0","3","0","false","0","0","false","false","","false","69.4","docs/ui-audit/round2/pr13-16-final-v79/1280x900-light-edit-mixer-panel.png"
"1280x900","1280","900","light","not-score","20261003.79","126","14.000000000000002","14","58","23","20","13","7","13","0","0","0","1","0","false","0","0","false","false","","false","","docs/ui-audit/round2/pr13-16-final-v79/1280x900-light-not-score.png"
"1280x900","1280","900","light","not-lyrics","20261003.79","126","14.000000000000002","14","59","23","20","13","7","13","0","0","0","1","0","false","0","0","false","false","","false","","docs/ui-audit/round2/pr13-16-final-v79/1280x900-light-not-lyrics.png"
"1280x900","1280","900","light","irama","20261003.79","126","14.000000000000002","14","362","22","20","13","7","13","0","0","0","1","0","false","0","0","false","false","","true","","docs/ui-audit/round2/pr13-16-final-v79/1280x900-light-irama.png"
"1280x900","1280","900","light","dual-dock","20261003.79","114","12.666666666666668","14","60","26","17","10","7","13","0","0","0","3","0","false","0","0","false","false","true","false","69.4","docs/ui-audit/round2/pr13-16-final-v79/1280x900-light-dual-dock.png"
"1280x900","1280","900","light","dual-dock-not","20261003.79","126","14.000000000000002","14","58","23","20","13","7","13","0","0","0","1","0","false","0","0","false","false","true","false","","docs/ui-audit/round2/pr13-16-final-v79/1280x900-light-dual-dock-not.png"
"1280x900","1280","900","light","dual-dock-irama","20261003.79","126","14.000000000000002","14","370","22","20","13","7","13","0","0","0","1","0","false","1","3","true","false","true","true","","docs/ui-audit/round2/pr13-16-final-v79/1280x900-light-dual-dock-irama.png"
"1280x900","1280","900","dark","edit-default","20261003.79","114","12.666666666666668","14","60","26","17","10","7","13","0","0","0","3","0","false","0","0","false","false","","false","69.4","docs/ui-audit/round2/pr13-16-final-v79/1280x900-dark-edit-default.png"
"1280x900","1280","900","dark","edit-chord-panel","20261003.79","114","12.666666666666668","14","60","26","17","10","7","13","0","0","0","3","0","false","0","0","false","false","","false","69.4","docs/ui-audit/round2/pr13-16-final-v79/1280x900-dark-edit-chord-panel.png"
"1280x900","1280","900","dark","edit-generate-candidates","20261003.79","114","12.666666666666668","14","60","36","7","0","7","19","0","0","0","4","0","false","0","0","false","false","","false","69.4","docs/ui-audit/round2/pr13-16-final-v79/1280x900-dark-edit-generate-candidates.png"
"1280x900","1280","900","dark","edit-mixer-panel","20261003.79","114","12.666666666666668","14","59","26","17","10","7","13","0","0","0","3","0","false","0","0","false","false","","false","69.4","docs/ui-audit/round2/pr13-16-final-v79/1280x900-dark-edit-mixer-panel.png"
"1280x900","1280","900","dark","not-score","20261003.79","126","14.000000000000002","14","58","23","20","13","7","13","0","0","0","1","0","false","0","0","false","false","","false","","docs/ui-audit/round2/pr13-16-final-v79/1280x900-dark-not-score.png"
"1280x900","1280","900","dark","not-lyrics","20261003.79","126","14.000000000000002","14","59","23","20","13","7","13","0","0","0","1","0","false","0","0","false","false","","false","","docs/ui-audit/round2/pr13-16-final-v79/1280x900-dark-not-lyrics.png"
"1280x900","1280","900","dark","irama","20261003.79","126","14.000000000000002","14","362","22","20","13","7","13","0","0","0","1","0","false","0","0","false","false","","true","","docs/ui-audit/round2/pr13-16-final-v79/1280x900-dark-irama.png"
"1280x900","1280","900","dark","dual-dock","20261003.79","114","12.666666666666668","14","60","26","17","10","7","13","0","0","0","3","0","false","0","0","false","false","true","false","69.4","docs/ui-audit/round2/pr13-16-final-v79/1280x900-dark-dual-dock.png"
"1280x900","1280","900","dark","dual-dock-not","20261003.79","126","14.000000000000002","14","58","23","20","13","7","13","0","0","0","1","0","false","0","0","false","false","true","false","","docs/ui-audit/round2/pr13-16-final-v79/1280x900-dark-dual-dock-not.png"
"1280x900","1280","900","dark","dual-dock-irama","20261003.79","126","14.000000000000002","14","370","22","20","13","7","13","0","0","0","1","0","false","1","3","true","false","true","true","","docs/ui-audit/round2/pr13-16-final-v79/1280x900-dark-dual-dock-irama.png"
"1440x799","1440","799","light","edit-default","20261003.79","108","13.516896120150188","14","68","26","17","10","7","13","0","0","0","0","0","false","0","0","false","false","","false","73.4","docs/ui-audit/round2/pr13-16-final-v79/1440x799-light-edit-default.png"
"1440x799","1440","799","light","edit-guitar-zone-open","20261003.79","108","13.516896120150188","14","75","26","17","10","7","13","0","0","0","0","0","true","0","0","false","false","","false","280","docs/ui-audit/round2/pr13-16-final-v79/1440x799-light-edit-guitar-zone-open.png"
"1440x799","1440","799","light","dual-dock","20261003.79","108","13.516896120150188","14","68","26","17","10","7","13","0","0","0","0","0","false","0","0","false","false","true","false","73.4","docs/ui-audit/round2/pr13-16-final-v79/1440x799-light-dual-dock.png"
"1440x799","1440","799","light","dual-dock-not","20261003.79","108","13.516896120150188","14","63","23","20","13","7","13","0","0","0","0","0","false","0","0","false","false","true","false","","docs/ui-audit/round2/pr13-16-final-v79/1440x799-light-dual-dock-not.png"
"1440x799","1440","799","light","dual-dock-irama","20261003.79","108","13.516896120150188","14","375","22","20","13","7","13","0","0","0","0","0","false","1","3","true","false","true","true","","docs/ui-audit/round2/pr13-16-final-v79/1440x799-light-dual-dock-irama.png"
"1440x799","1440","799","dark","edit-default","20261003.79","108","13.516896120150188","14","68","26","17","10","7","13","0","0","0","0","0","false","0","0","false","false","","false","73.4","docs/ui-audit/round2/pr13-16-final-v79/1440x799-dark-edit-default.png"
"1440x799","1440","799","dark","edit-guitar-zone-open","20261003.79","108","13.516896120150188","14","75","26","17","10","7","13","0","0","0","0","0","true","0","0","false","false","","false","280","docs/ui-audit/round2/pr13-16-final-v79/1440x799-dark-edit-guitar-zone-open.png"
"1440x799","1440","799","dark","dual-dock","20261003.79","108","13.516896120150188","14","68","26","17","10","7","13","0","0","0","0","0","false","0","0","false","false","true","false","73.4","docs/ui-audit/round2/pr13-16-final-v79/1440x799-dark-dual-dock.png"
"1440x799","1440","799","dark","dual-dock-not","20261003.79","108","13.516896120150188","14","63","23","20","13","7","13","0","0","0","0","0","false","0","0","false","false","true","false","","docs/ui-audit/round2/pr13-16-final-v79/1440x799-dark-dual-dock-not.png"
"1440x799","1440","799","dark","dual-dock-irama","20261003.79","108","13.516896120150188","14","375","22","20","13","7","13","0","0","0","0","0","false","1","3","true","false","true","true","","docs/ui-audit/round2/pr13-16-final-v79/1440x799-dark-dual-dock-irama.png"
"1024x768","1024","768","light","edit-default","20261003.79","145","18.880208333333336","","39","19","24","17","7","13","0","0","0","2","0","false","0","0","false","false","","false","58.4","docs/ui-audit/round2/pr13-16-final-v79/1024x768-light-edit-default.png"
"1024x768","1024","768","light","edit-guitar","20261003.79","145","18.880208333333336","","39","19","24","17","7","13","0","0","0","2","0","true","0","0","false","false","","false","211","docs/ui-audit/round2/pr13-16-final-v79/1024x768-light-edit-guitar.png"
"1024x768","1024","768","light","edit-chord-panel","20261003.79","145","18.880208333333336","","39","19","24","17","7","13","0","0","0","2","0","false","0","0","false","false","","false","58.4","docs/ui-audit/round2/pr13-16-final-v79/1024x768-light-edit-chord-panel.png"
"1024x768","1024","768","light","edit-generate-candidates","20261003.79","145","18.880208333333336","","39","19","24","17","7","19","0","0","0","3","0","false","0","0","false","false","","false","58.4","docs/ui-audit/round2/pr13-16-final-v79/1024x768-light-edit-generate-candidates.png"
"1024x768","1024","768","light","edit-mixer-panel","20261003.79","145","18.880208333333336","","40","19","24","17","7","13","0","0","0","2","0","false","0","0","false","false","","false","58.4","docs/ui-audit/round2/pr13-16-final-v79/1024x768-light-edit-mixer-panel.png"
"1024x768","1024","768","light","not-score","20261003.79","138","17.96875","","37","16","27","20","7","13","0","0","0","0","0","false","0","0","false","false","","false","","docs/ui-audit/round2/pr13-16-final-v79/1024x768-light-not-score.png"
"1024x768","1024","768","light","not-lyrics","20261003.79","138","17.96875","","38","16","27","20","7","13","0","0","0","0","0","false","0","0","false","false","","false","","docs/ui-audit/round2/pr13-16-final-v79/1024x768-light-not-lyrics.png"
"1024x768","1024","768","light","irama","20261003.79","138","17.96875","","152","15","27","20","7","13","0","0","0","10","0","false","0","0","false","false","","false","","docs/ui-audit/round2/pr13-16-final-v79/1024x768-light-irama.png"
"1024x768","1024","768","light","project-menu-open","20261003.79","145","18.880208333333336","","49","26","17","10","7","13","0","0","0","2","0","false","0","0","false","false","","false","58.4","docs/ui-audit/round2/pr13-16-final-v79/1024x768-light-project-menu-open.png"
"1024x768","1024","768","light","more-open","20261003.79","145","18.880208333333336","","39","19","24","17","7","13","0","0","0","2","0","false","0","0","false","false","","false","58.4","docs/ui-audit/round2/pr13-16-final-v79/1024x768-light-more-open.png"
"1024x768","1024","768","light","edit-guitar-zone-open","20261003.79","145","18.880208333333336","","39","19","24","17","7","13","0","0","0","2","0","true","0","0","false","false","","false","211","docs/ui-audit/round2/pr13-16-final-v79/1024x768-light-edit-guitar-zone-open.png"
"1024x768","1024","768","light","edit-guitar-fretboard","20261003.79","145","18.880208333333336","","39","19","24","17","7","13","0","0","0","2","0","true","0","0","false","false","","false","211","docs/ui-audit/round2/pr13-16-final-v79/1024x768-light-edit-guitar-fretboard.png"
"1024x768","1024","768","light","not-guitar-zone-open","20261003.79","138","17.96875","","38","16","27","20","7","13","0","0","0","0","0","true","0","0","false","false","","false","","docs/ui-audit/round2/pr13-16-final-v79/1024x768-light-not-guitar-zone-open.png"
"1024x768","1024","768","light","irama-drum-expression","20261003.79","138","17.96875","","160","15","27","20","7","13","0","0","0","10","0","false","1","3","true","false","","false","","docs/ui-audit/round2/pr13-16-final-v79/1024x768-light-irama-drum-expression.png"
"1024x768","1024","768","light","dual-dock","20261003.79","145","18.880208333333336","","39","19","24","17","7","13","0","0","0","2","0","false","0","0","false","false","","false","58.4","docs/ui-audit/round2/pr13-16-final-v79/1024x768-light-dual-dock.png"
"1024x768","1024","768","light","dual-dock-not","20261003.79","138","17.96875","","37","16","27","20","7","13","0","0","0","0","0","false","0","0","false","false","","false","","docs/ui-audit/round2/pr13-16-final-v79/1024x768-light-dual-dock-not.png"
"1024x768","1024","768","light","dual-dock-irama","20261003.79","138","17.96875","","160","15","27","20","7","13","0","0","0","10","0","false","1","3","true","false","","false","","docs/ui-audit/round2/pr13-16-final-v79/1024x768-light-dual-dock-irama.png"
"1024x768","1024","768","dark","edit-default","20261003.79","145","18.880208333333336","","39","19","24","17","7","13","0","0","0","2","0","false","0","0","false","false","","false","58.4","docs/ui-audit/round2/pr13-16-final-v79/1024x768-dark-edit-default.png"
"1024x768","1024","768","dark","edit-guitar","20261003.79","145","18.880208333333336","","39","19","24","17","7","13","0","0","0","2","0","true","0","0","false","false","","false","211","docs/ui-audit/round2/pr13-16-final-v79/1024x768-dark-edit-guitar.png"
"1024x768","1024","768","dark","edit-chord-panel","20261003.79","145","18.880208333333336","","39","19","24","17","7","13","0","0","0","2","0","false","0","0","false","false","","false","58.4","docs/ui-audit/round2/pr13-16-final-v79/1024x768-dark-edit-chord-panel.png"
"1024x768","1024","768","dark","edit-generate-candidates","20261003.79","145","18.880208333333336","","39","19","24","17","7","19","0","0","0","3","0","false","0","0","false","false","","false","58.4","docs/ui-audit/round2/pr13-16-final-v79/1024x768-dark-edit-generate-candidates.png"
"1024x768","1024","768","dark","edit-mixer-panel","20261003.79","145","18.880208333333336","","40","19","24","17","7","13","0","0","0","2","0","false","0","0","false","false","","false","58.4","docs/ui-audit/round2/pr13-16-final-v79/1024x768-dark-edit-mixer-panel.png"
"1024x768","1024","768","dark","not-score","20261003.79","138","17.96875","","37","16","27","20","7","13","0","0","0","0","0","false","0","0","false","false","","false","","docs/ui-audit/round2/pr13-16-final-v79/1024x768-dark-not-score.png"
"1024x768","1024","768","dark","not-lyrics","20261003.79","138","17.96875","","38","16","27","20","7","13","0","0","0","0","0","false","0","0","false","false","","false","","docs/ui-audit/round2/pr13-16-final-v79/1024x768-dark-not-lyrics.png"
"1024x768","1024","768","dark","irama","20261003.79","138","17.96875","","152","15","27","20","7","13","0","0","0","10","0","false","0","0","false","false","","false","","docs/ui-audit/round2/pr13-16-final-v79/1024x768-dark-irama.png"
"1024x768","1024","768","dark","project-menu-open","20261003.79","145","18.880208333333336","","49","26","17","10","7","13","0","0","0","2","0","false","0","0","false","false","","false","58.4","docs/ui-audit/round2/pr13-16-final-v79/1024x768-dark-project-menu-open.png"
"1024x768","1024","768","dark","more-open","20261003.79","145","18.880208333333336","","39","19","24","17","7","13","0","0","0","2","0","false","0","0","false","false","","false","58.4","docs/ui-audit/round2/pr13-16-final-v79/1024x768-dark-more-open.png"
"1024x768","1024","768","dark","edit-guitar-zone-open","20261003.79","145","18.880208333333336","","39","19","24","17","7","13","0","0","0","2","0","true","0","0","false","false","","false","211","docs/ui-audit/round2/pr13-16-final-v79/1024x768-dark-edit-guitar-zone-open.png"
"1024x768","1024","768","dark","edit-guitar-fretboard","20261003.79","145","18.880208333333336","","39","19","24","17","7","13","0","0","0","2","0","true","0","0","false","false","","false","211","docs/ui-audit/round2/pr13-16-final-v79/1024x768-dark-edit-guitar-fretboard.png"
"1024x768","1024","768","dark","not-guitar-zone-open","20261003.79","138","17.96875","","38","16","27","20","7","13","0","0","0","0","0","true","0","0","false","false","","false","","docs/ui-audit/round2/pr13-16-final-v79/1024x768-dark-not-guitar-zone-open.png"
"1024x768","1024","768","dark","irama-drum-expression","20261003.79","138","17.96875","","160","15","27","20","7","13","0","0","0","10","0","false","1","3","true","false","","false","","docs/ui-audit/round2/pr13-16-final-v79/1024x768-dark-irama-drum-expression.png"
"1024x768","1024","768","dark","dual-dock","20261003.79","145","18.880208333333336","","39","19","24","17","7","13","0","0","0","2","0","false","0","0","false","false","","false","58.4","docs/ui-audit/round2/pr13-16-final-v79/1024x768-dark-dual-dock.png"
"1024x768","1024","768","dark","dual-dock-not","20261003.79","138","17.96875","","37","16","27","20","7","13","0","0","0","0","0","false","0","0","false","false","","false","","docs/ui-audit/round2/pr13-16-final-v79/1024x768-dark-dual-dock-not.png"
"1024x768","1024","768","dark","dual-dock-irama","20261003.79","138","17.96875","","160","15","27","20","7","13","0","0","0","10","0","false","1","3","true","false","","false","","docs/ui-audit/round2/pr13-16-final-v79/1024x768-dark-dual-dock-irama.png"
"390x844","390","844","light","edit-default","20261003.79","133","15.758293838862558","25","19","6","36","36","0","13","0","0","0","2","0","false","0","0","false","false","","false","1","docs/ui-audit/round2/pr13-16-final-v79/390x844-light-edit-default.png"
"390x844","390","844","light","edit-guitar","20261003.79","133","15.758293838862558","25","19","2","40","40","0","13","0","0","0","2","0","true","0","0","false","false","","false","1","docs/ui-audit/round2/pr13-16-final-v79/390x844-light-edit-guitar.png"
"390x844","390","844","light","edit-chord-panel","20261003.79","133","15.758293838862558","25","29","7","36","22","14","13","0","0","0","2","0","false","0","0","false","false","","false","1","docs/ui-audit/round2/pr13-16-final-v79/390x844-light-edit-chord-panel.png"
"390x844","390","844","light","edit-generate-candidates","20261003.79","133","15.758293838862558","25","27","7","36","22","14","19","0","0","0","2","0","false","0","0","false","false","","false","1","docs/ui-audit/round2/pr13-16-final-v79/390x844-light-edit-generate-candidates.png"
"390x844","390","844","light","edit-mixer-panel","20261003.79","133","15.758293838862558","25","26","7","36","22","14","13","0","0","0","2","0","false","0","0","false","false","","false","1","docs/ui-audit/round2/pr13-16-final-v79/390x844-light-edit-mixer-panel.png"
"390x844","390","844","light","not-score","20261003.79","133","15.758293838862558","25","18","4","38","38","0","13","0","0","0","0","0","false","0","0","false","false","","false","","docs/ui-audit/round2/pr13-16-final-v79/390x844-light-not-score.png"
"390x844","390","844","light","not-lyrics","20261003.79","133","15.758293838862558","25","20","4","38","38","0","13","0","0","0","0","0","false","0","0","false","false","","false","","docs/ui-audit/round2/pr13-16-final-v79/390x844-light-not-lyrics.png"
"390x844","390","844","light","irama","20261003.79","133","15.758293838862558","25","83","4","38","38","0","13","0","0","0","10","0","false","0","0","false","false","","false","","docs/ui-audit/round2/pr13-16-final-v79/390x844-light-irama.png"
"390x844","390","844","light","project-menu-open","20261003.79","133","15.758293838862558","25","31","13","29","29","0","13","0","0","0","2","0","false","0","0","false","false","","false","1","docs/ui-audit/round2/pr13-16-final-v79/390x844-light-project-menu-open.png"
"390x844","390","844","light","more-open","20261003.79","133","15.758293838862558","25","24","8","34","34","0","13","0","0","0","2","0","false","0","0","false","false","","false","1","docs/ui-audit/round2/pr13-16-final-v79/390x844-light-more-open.png"
"390x844","390","844","light","edit-guitar-zone-open","20261003.79","133","15.758293838862558","25","19","2","40","40","0","13","0","0","0","2","0","true","0","0","false","false","","false","1","docs/ui-audit/round2/pr13-16-final-v79/390x844-light-edit-guitar-zone-open.png"
"390x844","390","844","light","edit-guitar-fretboard","20261003.79","133","15.758293838862558","25","19","2","40","40","0","13","0","0","0","2","0","true","0","0","false","false","","false","1","docs/ui-audit/round2/pr13-16-final-v79/390x844-light-edit-guitar-fretboard.png"
"390x844","390","844","light","not-guitar-zone-open","20261003.79","133","15.758293838862558","25","21","2","40","40","0","13","0","0","0","0","0","true","0","0","false","false","","false","","docs/ui-audit/round2/pr13-16-final-v79/390x844-light-not-guitar-zone-open.png"
"390x844","390","844","light","irama-drum-expression","20261003.79","133","15.758293838862558","25","92","4","38","24","14","13","0","0","0","10","0","false","1","3","true","false","","false","","docs/ui-audit/round2/pr13-16-final-v79/390x844-light-irama-drum-expression.png"
"390x844","390","844","light","dual-dock","20261003.79","133","15.758293838862558","25","19","6","36","36","0","13","0","0","0","2","0","false","0","0","false","false","","false","1","docs/ui-audit/round2/pr13-16-final-v79/390x844-light-dual-dock.png"
"390x844","390","844","light","dual-dock-not","20261003.79","133","15.758293838862558","25","18","4","38","38","0","13","0","0","0","0","0","false","0","0","false","false","","false","","docs/ui-audit/round2/pr13-16-final-v79/390x844-light-dual-dock-not.png"
"390x844","390","844","light","dual-dock-irama","20261003.79","133","15.758293838862558","25","92","4","38","24","14","13","0","0","0","10","0","false","1","3","true","false","","false","","docs/ui-audit/round2/pr13-16-final-v79/390x844-light-dual-dock-irama.png"
"390x844","390","844","dark","edit-default","20261003.79","133","15.758293838862558","25","19","6","36","36","0","13","0","0","0","2","0","false","0","0","false","false","","false","1","docs/ui-audit/round2/pr13-16-final-v79/390x844-dark-edit-default.png"
"390x844","390","844","dark","edit-guitar","20261003.79","133","15.758293838862558","25","19","2","40","40","0","13","0","0","0","2","0","true","0","0","false","false","","false","1","docs/ui-audit/round2/pr13-16-final-v79/390x844-dark-edit-guitar.png"
"390x844","390","844","dark","edit-chord-panel","20261003.79","133","15.758293838862558","25","29","7","36","22","14","13","0","0","0","2","0","false","0","0","false","false","","false","1","docs/ui-audit/round2/pr13-16-final-v79/390x844-dark-edit-chord-panel.png"
"390x844","390","844","dark","edit-generate-candidates","20261003.79","133","15.758293838862558","25","27","7","36","22","14","19","0","0","0","2","0","false","0","0","false","false","","false","1","docs/ui-audit/round2/pr13-16-final-v79/390x844-dark-edit-generate-candidates.png"
"390x844","390","844","dark","edit-mixer-panel","20261003.79","133","15.758293838862558","25","26","7","36","22","14","13","0","0","0","2","0","false","0","0","false","false","","false","1","docs/ui-audit/round2/pr13-16-final-v79/390x844-dark-edit-mixer-panel.png"
"390x844","390","844","dark","not-score","20261003.79","133","15.758293838862558","25","18","4","38","38","0","13","0","0","0","0","0","false","0","0","false","false","","false","","docs/ui-audit/round2/pr13-16-final-v79/390x844-dark-not-score.png"
"390x844","390","844","dark","not-lyrics","20261003.79","133","15.758293838862558","25","20","4","38","38","0","13","0","0","0","0","0","false","0","0","false","false","","false","","docs/ui-audit/round2/pr13-16-final-v79/390x844-dark-not-lyrics.png"
"390x844","390","844","dark","irama","20261003.79","133","15.758293838862558","25","83","4","38","38","0","13","0","0","0","10","0","false","0","0","false","false","","false","","docs/ui-audit/round2/pr13-16-final-v79/390x844-dark-irama.png"
"390x844","390","844","dark","project-menu-open","20261003.79","133","15.758293838862558","25","31","13","29","29","0","13","0","0","0","2","0","false","0","0","false","false","","false","1","docs/ui-audit/round2/pr13-16-final-v79/390x844-dark-project-menu-open.png"
"390x844","390","844","dark","more-open","20261003.79","133","15.758293838862558","25","24","8","34","34","0","13","0","0","0","2","0","false","0","0","false","false","","false","1","docs/ui-audit/round2/pr13-16-final-v79/390x844-dark-more-open.png"
"390x844","390","844","dark","edit-guitar-zone-open","20261003.79","133","15.758293838862558","25","19","2","40","40","0","13","0","0","0","2","0","true","0","0","false","false","","false","1","docs/ui-audit/round2/pr13-16-final-v79/390x844-dark-edit-guitar-zone-open.png"
"390x844","390","844","dark","edit-guitar-fretboard","20261003.79","133","15.758293838862558","25","19","2","40","40","0","13","0","0","0","2","0","true","0","0","false","false","","false","1","docs/ui-audit/round2/pr13-16-final-v79/390x844-dark-edit-guitar-fretboard.png"
"390x844","390","844","dark","not-guitar-zone-open","20261003.79","133","15.758293838862558","25","21","2","40","40","0","13","0","0","0","0","0","true","0","0","false","false","","false","","docs/ui-audit/round2/pr13-16-final-v79/390x844-dark-not-guitar-zone-open.png"
"390x844","390","844","dark","irama-drum-expression","20261003.79","133","15.758293838862558","25","92","4","38","24","14","13","0","0","0","10","0","false","1","3","true","false","","false","","docs/ui-audit/round2/pr13-16-final-v79/390x844-dark-irama-drum-expression.png"
"390x844","390","844","dark","dual-dock","20261003.79","133","15.758293838862558","25","19","6","36","36","0","13","0","0","0","2","0","false","0","0","false","false","","false","1","docs/ui-audit/round2/pr13-16-final-v79/390x844-dark-dual-dock.png"
"390x844","390","844","dark","dual-dock-not","20261003.79","133","15.758293838862558","25","18","4","38","38","0","13","0","0","0","0","0","false","0","0","false","false","","false","","docs/ui-audit/round2/pr13-16-final-v79/390x844-dark-dual-dock-not.png"
"390x844","390","844","dark","dual-dock-irama","20261003.79","133","15.758293838862558","25","92","4","38","24","14","13","0","0","0","10","0","false","1","3","true","false","","false","","docs/ui-audit/round2/pr13-16-final-v79/390x844-dark-dual-dock-irama.png"
"844x390","844","390","light","edit-default","20261003.79","88","22.564102564102566","25","22","10","32","32","0","13","0","0","0","0","0","false","0","0","false","false","","false","1","docs/ui-audit/round2/pr13-16-final-v79/844x390-light-edit-default.png"
"844x390","844","390","light","edit-guitar","20261003.79","88","22.564102564102566","25","22","6","36","36","0","13","0","0","0","0","0","true","0","0","false","false","","false","1","docs/ui-audit/round2/pr13-16-final-v79/844x390-light-edit-guitar.png"
"844x390","844","390","light","edit-chord-panel","20261003.79","88","22.564102564102566","25","31","11","32","18","14","13","0","0","0","0","0","false","0","0","false","false","","false","1","docs/ui-audit/round2/pr13-16-final-v79/844x390-light-edit-chord-panel.png"
"844x390","844","390","light","edit-generate-candidates","20261003.79","88","22.564102564102566","25","26","11","32","18","14","19","0","0","0","1","0","false","0","0","false","false","","false","1","docs/ui-audit/round2/pr13-16-final-v79/844x390-light-edit-generate-candidates.png"
"844x390","844","390","light","edit-mixer-panel","20261003.79","88","22.564102564102566","25","28","11","32","18","14","13","0","0","0","0","0","false","0","0","false","false","","false","1","docs/ui-audit/round2/pr13-16-final-v79/844x390-light-edit-mixer-panel.png"
"844x390","844","390","light","not-score","20261003.79","88","22.564102564102566","25","19","5","37","37","0","13","0","0","0","0","0","false","0","0","false","false","","false","","docs/ui-audit/round2/pr13-16-final-v79/844x390-light-not-score.png"
"844x390","844","390","light","not-lyrics","20261003.79","88","22.564102564102566","25","19","5","37","37","0","13","0","0","0","0","0","false","0","0","false","false","","false","","docs/ui-audit/round2/pr13-16-final-v79/844x390-light-not-lyrics.png"
"844x390","844","390","light","irama","20261003.79","88","22.564102564102566","25","129","5","37","37","0","13","0","0","0","24","0","false","0","0","false","false","","false","","docs/ui-audit/round2/pr13-16-final-v79/844x390-light-irama.png"
"844x390","844","390","light","project-menu-open","20261003.79","88","22.564102564102566","25","30","17","25","25","0","13","0","0","0","1","0","false","0","0","false","false","","false","1","docs/ui-audit/round2/pr13-16-final-v79/844x390-light-project-menu-open.png"
"844x390","844","390","light","more-open","20261003.79","88","22.564102564102566","25","25","11","31","31","0","13","0","0","0","0","0","false","0","0","false","false","","false","1","docs/ui-audit/round2/pr13-16-final-v79/844x390-light-more-open.png"
"844x390","844","390","light","edit-guitar-zone-open","20261003.79","88","22.564102564102566","25","22","6","36","36","0","13","0","0","0","0","0","true","0","0","false","false","","false","1","docs/ui-audit/round2/pr13-16-final-v79/844x390-light-edit-guitar-zone-open.png"
"844x390","844","390","light","edit-guitar-fretboard","20261003.79","88","22.564102564102566","25","22","6","36","36","0","13","0","0","0","0","0","true","0","0","false","false","","false","1","docs/ui-audit/round2/pr13-16-final-v79/844x390-light-edit-guitar-fretboard.png"
"844x390","844","390","light","not-guitar-zone-open","20261003.79","88","22.564102564102566","25","22","3","39","39","0","13","0","0","0","0","0","true","0","0","false","false","","false","","docs/ui-audit/round2/pr13-16-final-v79/844x390-light-not-guitar-zone-open.png"
"844x390","844","390","light","irama-drum-expression","20261003.79","88","22.564102564102566","25","120","5","37","23","14","13","0","0","0","23","0","false","1","3","true","false","","false","","docs/ui-audit/round2/pr13-16-final-v79/844x390-light-irama-drum-expression.png"
"844x390","844","390","light","dual-dock","20261003.79","88","22.564102564102566","25","22","10","32","32","0","13","0","0","0","0","0","false","0","0","false","false","","false","1","docs/ui-audit/round2/pr13-16-final-v79/844x390-light-dual-dock.png"
"844x390","844","390","light","dual-dock-not","20261003.79","88","22.564102564102566","25","19","5","37","37","0","13","0","0","0","0","0","false","0","0","false","false","","false","","docs/ui-audit/round2/pr13-16-final-v79/844x390-light-dual-dock-not.png"
"844x390","844","390","light","dual-dock-irama","20261003.79","88","22.564102564102566","25","120","5","37","23","14","13","0","0","0","23","0","false","1","3","true","false","","false","","docs/ui-audit/round2/pr13-16-final-v79/844x390-light-dual-dock-irama.png"
"844x390","844","390","dark","edit-default","20261003.79","88","22.564102564102566","25","22","10","32","32","0","13","0","0","0","0","0","false","0","0","false","false","","false","1","docs/ui-audit/round2/pr13-16-final-v79/844x390-dark-edit-default.png"
"844x390","844","390","dark","edit-guitar","20261003.79","88","22.564102564102566","25","22","6","36","36","0","13","0","0","0","0","0","true","0","0","false","false","","false","1","docs/ui-audit/round2/pr13-16-final-v79/844x390-dark-edit-guitar.png"
"844x390","844","390","dark","edit-chord-panel","20261003.79","88","22.564102564102566","25","31","11","32","18","14","13","0","0","0","0","0","false","0","0","false","false","","false","1","docs/ui-audit/round2/pr13-16-final-v79/844x390-dark-edit-chord-panel.png"
"844x390","844","390","dark","edit-generate-candidates","20261003.79","88","22.564102564102566","25","26","11","32","18","14","19","0","0","0","1","0","false","0","0","false","false","","false","1","docs/ui-audit/round2/pr13-16-final-v79/844x390-dark-edit-generate-candidates.png"
"844x390","844","390","dark","edit-mixer-panel","20261003.79","88","22.564102564102566","25","28","11","32","18","14","13","0","0","0","0","0","false","0","0","false","false","","false","1","docs/ui-audit/round2/pr13-16-final-v79/844x390-dark-edit-mixer-panel.png"
"844x390","844","390","dark","not-score","20261003.79","88","22.564102564102566","25","19","5","37","37","0","13","0","0","0","0","0","false","0","0","false","false","","false","","docs/ui-audit/round2/pr13-16-final-v79/844x390-dark-not-score.png"
"844x390","844","390","dark","not-lyrics","20261003.79","88","22.564102564102566","25","19","5","37","37","0","13","0","0","0","0","0","false","0","0","false","false","","false","","docs/ui-audit/round2/pr13-16-final-v79/844x390-dark-not-lyrics.png"
"844x390","844","390","dark","irama","20261003.79","88","22.564102564102566","25","129","5","37","37","0","13","0","0","0","24","0","false","0","0","false","false","","false","","docs/ui-audit/round2/pr13-16-final-v79/844x390-dark-irama.png"
"844x390","844","390","dark","project-menu-open","20261003.79","88","22.564102564102566","25","30","17","25","25","0","13","0","0","0","1","0","false","0","0","false","false","","false","1","docs/ui-audit/round2/pr13-16-final-v79/844x390-dark-project-menu-open.png"
"844x390","844","390","dark","more-open","20261003.79","88","22.564102564102566","25","25","11","31","31","0","13","0","0","0","0","0","false","0","0","false","false","","false","1","docs/ui-audit/round2/pr13-16-final-v79/844x390-dark-more-open.png"
"844x390","844","390","dark","edit-guitar-zone-open","20261003.79","88","22.564102564102566","25","22","6","36","36","0","13","0","0","0","0","0","true","0","0","false","false","","false","1","docs/ui-audit/round2/pr13-16-final-v79/844x390-dark-edit-guitar-zone-open.png"
"844x390","844","390","dark","edit-guitar-fretboard","20261003.79","88","22.564102564102566","25","22","6","36","36","0","13","0","0","0","0","0","true","0","0","false","false","","false","1","docs/ui-audit/round2/pr13-16-final-v79/844x390-dark-edit-guitar-fretboard.png"
"844x390","844","390","dark","not-guitar-zone-open","20261003.79","88","22.564102564102566","25","22","3","39","39","0","13","0","0","0","0","0","true","0","0","false","false","","false","","docs/ui-audit/round2/pr13-16-final-v79/844x390-dark-not-guitar-zone-open.png"
"844x390","844","390","dark","irama-drum-expression","20261003.79","88","22.564102564102566","25","120","5","37","23","14","13","0","0","0","23","0","false","1","3","true","false","","false","","docs/ui-audit/round2/pr13-16-final-v79/844x390-dark-irama-drum-expression.png"
"844x390","844","390","dark","dual-dock","20261003.79","88","22.564102564102566","25","22","10","32","32","0","13","0","0","0","0","0","false","0","0","false","false","","false","1","docs/ui-audit/round2/pr13-16-final-v79/844x390-dark-dual-dock.png"
"844x390","844","390","dark","dual-dock-not","20261003.79","88","22.564102564102566","25","19","5","37","37","0","13","0","0","0","0","0","false","0","0","false","false","","false","","docs/ui-audit/round2/pr13-16-final-v79/844x390-dark-dual-dock-not.png"
"844x390","844","390","dark","dual-dock-irama","20261003.79","88","22.564102564102566","25","120","5","37","23","14","13","0","0","0","23","0","false","1","3","true","false","","false","","docs/ui-audit/round2/pr13-16-final-v79/844x390-dark-dual-dock-irama.png"
