"viewport","width","height","theme","state","build","chromePx","chromePercent","visibleControls","detailsCount","nestedDetails","overlapCount","canvasLabelOverlapCount","clippedCount","unreachableClipCount","rollBottomGapPx","screenshot"
"[object Object]","1440","900","light","edit-default","20261002.70","134.3","14.9","23","14","0","0","0","2","0","95.8","docs/ui-audit/round2/pr5-before/1440x900-light-edit-default.png"
"[object Object]","1440","900","light","edit-guitar","20261002.70","129","14.3","26","14","0","0","0","2","0","101","docs/ui-audit/round2/pr5-before/1440x900-light-edit-guitar.png"
"[object Object]","1440","900","light","edit-chord-panel","20261002.70","134.3","14.9","33","14","0","0","0","2","0","95.8","docs/ui-audit/round2/pr5-before/1440x900-light-edit-chord-panel.png"
"[object Object]","1440","900","light","edit-generate-candidates","20261002.70","134.3","14.9","38","20","0","11","0","2","0","95.8","docs/ui-audit/round2/pr5-before/1440x900-light-edit-generate-candidates.png"
"[object Object]","1440","900","light","edit-mixer-panel","20261002.70","134.3","14.9","33","14","0","0","0","2","0","95.8","docs/ui-audit/round2/pr5-before/1440x900-light-edit-mixer-panel.png"
"[object Object]","1440","900","light","not-score","20261002.70","134.4","14.9","18","14","0","0","0","0","0","","docs/ui-audit/round2/pr5-before/1440x900-light-not-score.png"
"[object Object]","1440","900","light","not-lyrics","20261002.70","179.2","19.9","19","14","0","0","0","0","0","","docs/ui-audit/round2/pr5-before/1440x900-light-not-lyrics.png"
"[object Object]","1440","900","light","irama","20261002.70","156.8","17.4","117","14","0","8","0","0","0","","docs/ui-audit/round2/pr5-before/1440x900-light-irama.png"
"[object Object]","1440","900","light","project-menu-open","20261002.70","134.3","14.9","34","14","0","0","0","2","0","95.8","docs/ui-audit/round2/pr5-before/1440x900-light-project-menu-open.png"
"[object Object]","1440","900","light","more-open","20261002.70","134.3","14.9","33","14","0","0","0","2","0","95.8","docs/ui-audit/round2/pr5-before/1440x900-light-more-open.png"
"[object Object]","1440","900","dark","edit-default","20261002.70","134.3","14.9","23","14","0","0","0","2","0","95.8","docs/ui-audit/round2/pr5-before/1440x900-dark-edit-default.png"
"[object Object]","1440","900","dark","edit-guitar","20261002.70","129","14.3","26","14","0","0","0","2","0","101","docs/ui-audit/round2/pr5-before/1440x900-dark-edit-guitar.png"
"[object Object]","1440","900","dark","edit-chord-panel","20261002.70","134.3","14.9","33","14","0","0","0","2","0","95.8","docs/ui-audit/round2/pr5-before/1440x900-dark-edit-chord-panel.png"
"[object Object]","1440","900","dark","edit-generate-candidates","20261002.70","134.3","14.9","38","20","0","11","0","2","0","95.8","docs/ui-audit/round2/pr5-before/1440x900-dark-edit-generate-candidates.png"
"[object Object]","1440","900","dark","edit-mixer-panel","20261002.70","134.3","14.9","33","14","0","0","0","2","0","95.8","docs/ui-audit/round2/pr5-before/1440x900-dark-edit-mixer-panel.png"
"[object Object]","1440","900","dark","not-score","20261002.70","134.4","14.9","18","14","0","0","0","0","0","","docs/ui-audit/round2/pr5-before/1440x900-dark-not-score.png"
"[object Object]","1440","900","dark","not-lyrics","20261002.70","179.2","19.9","19","14","0","0","0","0","0","","docs/ui-audit/round2/pr5-before/1440x900-dark-not-lyrics.png"
"[object Object]","1440","900","dark","irama","20261002.70","156.8","17.4","117","14","0","8","0","0","0","","docs/ui-audit/round2/pr5-before/1440x900-dark-irama.png"
"[object Object]","1440","900","dark","project-menu-open","20261002.70","134.3","14.9","34","14","0","0","0","2","0","95.8","docs/ui-audit/round2/pr5-before/1440x900-dark-project-menu-open.png"
"[object Object]","1440","900","dark","more-open","20261002.70","134.3","14.9","33","14","0","0","0","2","0","95.8","docs/ui-audit/round2/pr5-before/1440x900-dark-more-open.png"
"[object Object]","390","844","light","edit-default","20261002.70","172","20.4","17","14","0","0","5","2","0","1","docs/ui-audit/round2/pr5-before/390x844-light-edit-default.png"
"[object Object]","390","844","light","edit-guitar","20261002.70","172","20.4","20","14","0","0","5","2","0","1","docs/ui-audit/round2/pr5-before/390x844-light-edit-guitar.png"
"[object Object]","390","844","light","edit-chord-panel","20261002.70","172","20.4","27","14","0","0","5","2","0","1","docs/ui-audit/round2/pr5-before/390x844-light-edit-chord-panel.png"
"[object Object]","390","844","light","edit-generate-candidates","20261002.70","172","20.4","30","20","0","8","0","4","0","1","docs/ui-audit/round2/pr5-before/390x844-light-edit-generate-candidates.png"
"[object Object]","390","844","light","edit-mixer-panel","20261002.70","172","20.4","24","14","0","0","5","2","0","1","docs/ui-audit/round2/pr5-before/390x844-light-edit-mixer-panel.png"
"[object Object]","390","844","light","not-score","20261002.70","207.5","24.6","14","14","0","0","0","0","0","","docs/ui-audit/round2/pr5-before/390x844-light-not-score.png"
"[object Object]","390","844","light","not-lyrics","20261002.70","249.4","29.5","15","14","0","0","0","0","0","","docs/ui-audit/round2/pr5-before/390x844-light-not-lyrics.png"
"[object Object]","390","844","light","irama","20261002.70","249.4","29.5","77","14","0","0","0","10","0","","docs/ui-audit/round2/pr5-before/390x844-light-irama.png"
"[object Object]","390","844","light","project-menu-open","20261002.70","172","20.4","29","14","0","0","5","2","0","1","docs/ui-audit/round2/pr5-before/390x844-light-project-menu-open.png"
"[object Object]","390","844","light","more-open","20261002.70","172","20.4","25","14","0","0","5","2","0","1","docs/ui-audit/round2/pr5-before/390x844-light-more-open.png"
"[object Object]","390","844","dark","edit-default","20261002.70","172","20.4","17","14","0","0","5","2","0","1","docs/ui-audit/round2/pr5-before/390x844-dark-edit-default.png"
"[object Object]","390","844","dark","edit-guitar","20261002.70","172","20.4","20","14","0","0","5","2","0","1","docs/ui-audit/round2/pr5-before/390x844-dark-edit-guitar.png"
"[object Object]","390","844","dark","edit-chord-panel","20261002.70","172","20.4","27","14","0","0","5","2","0","1","docs/ui-audit/round2/pr5-before/390x844-dark-edit-chord-panel.png"
"[object Object]","390","844","dark","edit-generate-candidates","20261002.70","172","20.4","30","20","0","8","0","4","0","1","docs/ui-audit/round2/pr5-before/390x844-dark-edit-generate-candidates.png"
"[object Object]","390","844","dark","edit-mixer-panel","20261002.70","172","20.4","24","14","0","0","5","2","0","1","docs/ui-audit/round2/pr5-before/390x844-dark-edit-mixer-panel.png"
"[object Object]","390","844","dark","not-score","20261002.70","207.5","24.6","14","14","0","0","0","0","0","","docs/ui-audit/round2/pr5-before/390x844-dark-not-score.png"
"[object Object]","390","844","dark","not-lyrics","20261002.70","249.4","29.5","15","14","0","0","0","0","0","","docs/ui-audit/round2/pr5-before/390x844-dark-not-lyrics.png"
"[object Object]","390","844","dark","irama","20261002.70","249.4","29.5","77","14","0","0","0","10","0","","docs/ui-audit/round2/pr5-before/390x844-dark-irama.png"
"[object Object]","390","844","dark","project-menu-open","20261002.70","172","20.4","29","14","0","0","5","2","0","1","docs/ui-audit/round2/pr5-before/390x844-dark-project-menu-open.png"
"[object Object]","390","844","dark","more-open","20261002.70","172","20.4","25","14","0","0","5","2","0","1","docs/ui-audit/round2/pr5-before/390x844-dark-more-open.png"
"[object Object]","844","390","light","edit-default","20261002.70","88","22.6","15","14","0","0","7","0","0","1","docs/ui-audit/round2/pr5-before/844x390-light-edit-default.png"
"[object Object]","844","390","light","edit-guitar","20261002.70","88","22.6","19","14","0","0","7","0","0","1","docs/ui-audit/round2/pr5-before/844x390-light-edit-guitar.png"
"[object Object]","844","390","light","edit-chord-panel","20261002.70","88","22.6","24","14","0","0","7","0","0","1","docs/ui-audit/round2/pr5-before/844x390-light-edit-chord-panel.png"
"[object Object]","844","390","light","edit-generate-candidates","20261002.70","88","22.6","25","20","0","9","7","2","0","1","docs/ui-audit/round2/pr5-before/844x390-light-edit-generate-candidates.png"
"[object Object]","844","390","light","edit-mixer-panel","20261002.70","88","22.6","20","14","0","0","7","1","0","1","docs/ui-audit/round2/pr5-before/844x390-light-edit-mixer-panel.png"
"[object Object]","844","390","light","not-score","20261002.70","140.2","35.9","17","14","0","0","0","0","0","","docs/ui-audit/round2/pr5-before/844x390-light-not-score.png"
"[object Object]","844","390","light","not-lyrics","20261002.70","167.9","43.1","14","14","0","1","0","1","1","","docs/ui-audit/round2/pr5-before/844x390-light-not-lyrics.png"
"[object Object]","844","390","light","irama","20261002.70","146.6","37.6","72","14","0","2","0","11","0","","docs/ui-audit/round2/pr5-before/844x390-light-irama.png"
"[object Object]","844","390","light","project-menu-open","20261002.70","88","22.6","24","14","0","1","7","0","0","1","docs/ui-audit/round2/pr5-before/844x390-light-project-menu-open.png"
"[object Object]","844","390","light","more-open","20261002.70","88","22.6","21","14","0","0","7","0","0","1","docs/ui-audit/round2/pr5-before/844x390-light-more-open.png"
"[object Object]","844","390","dark","edit-default","20261002.70","88","22.6","15","14","0","0","7","0","0","1","docs/ui-audit/round2/pr5-before/844x390-dark-edit-default.png"
"[object Object]","844","390","dark","edit-guitar","20261002.70","88","22.6","19","14","0","0","7","0","0","1","docs/ui-audit/round2/pr5-before/844x390-dark-edit-guitar.png"
"[object Object]","844","390","dark","edit-chord-panel","20261002.70","88","22.6","24","14","0","0","7","0","0","1","docs/ui-audit/round2/pr5-before/844x390-dark-edit-chord-panel.png"
"[object Object]","844","390","dark","edit-generate-candidates","20261002.70","88","22.6","25","20","0","9","7","2","0","1","docs/ui-audit/round2/pr5-before/844x390-dark-edit-generate-candidates.png"
"[object Object]","844","390","dark","edit-mixer-panel","20261002.70","88","22.6","20","14","0","0","7","1","0","1","docs/ui-audit/round2/pr5-before/844x390-dark-edit-mixer-panel.png"
"[object Object]","844","390","dark","not-score","20261002.70","140.2","35.9","17","14","0","0","0","0","0","","docs/ui-audit/round2/pr5-before/844x390-dark-not-score.png"
"[object Object]","844","390","dark","not-lyrics","20261002.70","167.9","43.1","14","14","0","1","0","1","1","","docs/ui-audit/round2/pr5-before/844x390-dark-not-lyrics.png"
"[object Object]","844","390","dark","irama","20261002.70","146.6","37.6","72","14","0","2","0","11","0","","docs/ui-audit/round2/pr5-before/844x390-dark-irama.png"
"[object Object]","844","390","dark","project-menu-open","20261002.70","88","22.6","24","14","0","1","7","0","0","1","docs/ui-audit/round2/pr5-before/844x390-dark-project-menu-open.png"
"[object Object]","844","390","dark","more-open","20261002.70","88","22.6","21","14","0","0","7","0","0","1","docs/ui-audit/round2/pr5-before/844x390-dark-more-open.png"
